date,component_name,uswds,static_content_templates,yellow_ribbon_schools,_28_1900_veteran_readiness,virtual_agent,verify_your_enrollment,appointments,travel_pay,apply_to_use_transferred_education_benefits,apply_for_burial_in_a_va_national_cemetery,survivor_and_dependent_benefits_22_5490,static_pages,simple_forms_patterns,request_a_presidential_memorial_certificate,_26_4555_application_in_acquiring_specially_adapted_housing_or_special_home_adaptation_grant,submit_a_statement_to_support_a_claim,sign_va_claim_forms_as_an_alternate_signer,submit_an_intent_to_file,request_priority_processing_for_an_existing_claim,request_personal_records,find_a_va_accredited_representative_or_vso,fill_out_your_form_to_appoint_a_va_accredited_representative_or_vso,_40_10007_pre_need_burial_planning_form,view_your_representative,welcome_va_setup_review_information_form,va_profile,dashboard,_21_527ez_pension_benefits_form,pact_act,all_va_offices,personalized_career_planning_and_guidance_chapter_36__va_form_27_8832_,my_education_benefits,mhv_secure_messaging,mhv_medications,mhv_medical_records,_1330m_apply_for_a_medallion_in_a_private_cemetery,apply_for_certificate_of_eligibility,foreign_medical_program_cover_sheet,file_a_champva_claim,_10_10d_extended,income_limits,_21p_0969_income_and_asset_statement_form,order_hearing_aid_or_cpap_supplies,_1010ez_health_care_application_form,gi_bill_comparison_tool,fry_dea___va_education_benefits_for_survivors_and_dependents,financial_status_report,_10_10ezr_update_health_benefits_info_form,enrollment_verification,designation_of_certifying_official_s_,conflicting_interests_certification_for_proprietary_schools,_22_10282_ibm_skillsbuild_training_program_intake_application,_22_10215_statement_of_assurance_of_compliance_with_95_percent_enrollment_ratios,_22_10203_education_benefits_form,_22_0994_education_benefits_form,dispute_your_va_debt,discover_your_benefits,_21_526ez_disability_compensation_claim_form,connect_your_device,view_dependents,_21_0538_dependents_verification,_686c_674_v2,_686c_674,claims_status,travel_claim,check_in,_10_10cg,after_visit_summary,ask_va,sc_testing,hlr_testing,platform_ish_,request_for_higher_level_review,file_a_supplemental_claim,request_a_board_appeal,authenticated_experience_design_patterns,total,_10297,veteran_id_card_v1,demo__file_for_disability_compensation___conditions,va_online_services_terms_of_use,post_9_11_gi_bill_status,order_medical_supplies,_1330m2_apply_for_a_medallion_in_a_private_cemetery,login_page,your_va_home_loan_coe,register_for_the_foreign_medical_program__fmp_,_10_7959c_champva_other_health_insurance_certification_form,_10_10d_application_for_champva_benefits,facility_locator,gi_bill_school_feedback_tool,_35__exemption_of_the_routine_reporting,discharge_wizard,pre_check_in,_21p_530ez_burials_benefits_form,authentication_callback,submitted_appeals_view__amp__download,decision_reviews_onramp_tool,accredited_representative_portal,_21a_apply_to_become_a_va_accredited_attorney_or_claims_agent,authorize_va_to_release_your_information_to_a_third_party_source,resources_and_support,representative_form_upload,my_healthevet_on_va_gov,education_letters,_22_1995_education_benefits_form,covid_19_screener,debt_and_bills,apply_for_personalized_career_planning_and_guidance_with_va_form_25_8832,verify_identity,mock_form_minimal_header,search,rated_disabilities,new_28_1900_veteran_readiness,letters,view_payments,resources_for_schools,contact_us,_0839,_10275,apply_for_specially_adapted_housing_grant,mock_sip_form,sign_in_changes_reminder,form_upload,my_messages
2025-09-16,va-additional-info,91,2,1,1,1,10,7,5,7,9,5,10,3,1,1,2,1,5,13,1,4,3,17,1,1,12,2,7,1,1,1,12,1,12,3,1,2,2,5,1,1,4,3,21,10,7,24,16,2,2,4,1,2,1,1,2,1,19,1,1,2,7,5,3,1,2,6,1,2,9,5,17,5,11,7,25,407,2
2025-09-16,va-button,84,6,1,1,1,8,7,4,9,,5,16,1,4,,,,1,,,3,3,9,,,16,2,2,5,,,10,33,,6,3,,1,2,1,2,,1,6,1,,8,7,1,1,1,,1,,,5,,3,,4,10,2,1,5,2,2,3,,4,10,1,55,4,10,6,21,385,,2,1,5,1,8,1,3,1,2,2,1,2,1,1,3,1,1,5,3,1,2,1
2025-09-16,va-icon,1,62,1,,,6,9,3,2,,5,8,,,,,,,,,2,8,4,4,,6,8,,,,,6,19,7,11,,,,,,,,,2,37,9,2,5,7,2,,,,1,,,,2,,1,,,,11,,,,1,9,,,34,,,,25,362,,,,,,,,,,,1,,5,,,2,,,,,,14,4,2,2,5,4,1,1,1,1
2025-09-16,va-alert,178,21,,1,2,12,13,9,16,1,13,13,,,,3,,2,,,3,3,13,1,1,19,15,15,,,,21,14,14,12,14,2,,6,4,1,3,16,14,5,12,16,15,8,5,3,1,3,,1,3,,18,2,8,8,3,6,11,3,4,7,1,11,3,,77,,4,1,72,708,2,3,1,6,2,7,1,,1,,,1,9,,4,2,1,5,1,1,,5,3,,1,2,,3,,,11,2,1,1,1,4,2,12,5
2025-09-16,va-telephone,2,7,,6,6,6,5,11,2,4,2,30,,2,2,2,,1,6,,3,7,16,4,,43,6,12,,,,10,3,18,14,4,7,1,6,,2,1,6,19,3,8,22,9,3,,,1,,1,,13,2,23,5,8,12,9,8,17,,1,12,3,10,11,6,112,5,9,9,39,797,,,,4,7,4,,,2,2,1,,8,,,2,2,12,,2,6,2,,3,,,10,,,,66,3,,,,4,3,5,9,1,4
2025-09-16,va-link,2,145,,4,,5,49,28,,1,,68,,1,1,2,,1,10,,,5,2,,1,26,17,26,1,,2,1,2,7,15,1,,5,5,3,14,2,,19,17,,3,6,,10,7,1,15,,,1,8,29,1,9,8,16,5,20,,,4,,1,1,1,48,18,26,6,14,901,3,,,1,2,,,,2,,4,2,10,,11,7,,18,,2,26,18,8,,2,,2,,1,,14,,,,5,5,,,,12,,2
2025-09-16,va-accordion-item,17,18,,,3,,,1,,1,,,,,,,14,,,,,6,6,,,4,1,7,1,,,1,8,1,8,1,,,,,5,4,4,,3,,,,,,,,3,,,,,15,13,,,3,,3,,,,4,1,1,,7,,6,,2,204,2,,,2,,,,,,,,,,,5,6,,,,,4,19,,,,,,,,,,,,,,,,1,,8,,2
2025-09-16,va-card,6,5,,,,2,4,2,,,,1,,,,,,,,,1,4,,,,4,10,,,,,3,1,1,12,,,,,,,2,,3,3,,2,3,,,,,,,,2,1,1,,1,6,,,2,1,,2,,1,,,11,,,,12,125,,,,,,1,,,,,,,,,,,,,,,4,8,,,,,,,,,2,,,,,1,5,1,,,,
2025-09-16,va-process-list,11,1,,1,,,,1,,1,1,,,1,,,,,,,,1,,,,1,,1,,,1,2,,5,,1,1,,,1,,,,1,,1,2,,,2,2,,2,,,,,1,,,1,2,1,1,1,,1,,,1,1,,1,1,2,3,59,2,,,,,,1,,,,,1,,,1,2,,1,,,,,1,,,1,,,,,,,,,,,,,,,,1,1
2025-09-16,va-process-list-item,,1,,3,,,,2,,4,3,,,3,,,,,,,,3,,,,2,,3,,,3,6,,13,,4,3,,,4,,,,3,,3,6,,,6,6,,6,,,,,4,,,4,5,2,1,2,,3,,,3,3,,3,3,7,9,179,6,,,,,,4,,,,,4,,,3,5,,4,,,,,9,,,2,,,,,,,,,,,,,,,,2,4
2025-09-16,va-omb-info,2,,,1,,,,1,1,1,,,1,,,1,,1,,,,1,2,,,,,1,,,1,1,,,,1,1,1,1,2,,1,,1,,1,1,1,,1,1,1,1,1,1,,,1,,,1,2,1,,,,1,,,2,1,4,1,2,2,6,73,,,1,,,,1,,,1,1,1,,2,1,,,1,,,,,1,1,,,,,2,,,1,,,,,1,,,,1,,1,1,1
2025-09-16,va-alert-sign-in,,,,,,,,2,1,,1,5,,,,,,,,,,,,,,,,,,,,1,2,,,,,,,,,,,,,,,,1,,,,,,,,,,,,,,,,,,,,,,,2,,,,8,24,1,,,,,,,,,,,,,,,,,,,,,,,,,,,,,,,,,,,,,,,,,,,,
2025-09-16,va-loading-indicator,,,1,,2,5,28,8,4,,1,40,,,,1,,1,1,,1,5,3,1,,8,5,2,,,,1,13,9,15,1,2,1,,,2,1,1,5,10,1,4,3,1,1,1,,1,,,2,1,4,3,5,2,3,3,10,3,3,4,1,11,2,1,25,1,2,1,11,321,,,,2,1,1,,,3,,,,2,,1,,1,2,1,,,1,,,1,,3,1,,,5,,,,1,1,3,2,1,,,,,,
2025-09-16,va-progress-bar,,,,,,,,,,,,,,1,,,,,,,,,2,,,,,,,,,,,,1,,1,,,,,,,,,,,,,,,,,,,,,,,,,,,1,,,,,,,,2,,,,1,9,,,,,,,,,,,,,,,,,,,,,,,,,,,,,,,,,,,,,,,,,,,,,
2025-09-16,va-text-input,1,,,,,,,,,1,,,,,,,,,,,2,1,,,,,,1,,,,,3,,,,,,,,,2,,,,,13,,,,,,,,,,,,,,,,,,,,,,,,,1,,,,1,28,,1,,,,,,1,1,,,,,,,,,,,,,,,,,,,,,,,,,,,,,,,,,,,,
2025-09-16,va-button-icon,,,,,,,,,,,,,,,,,,,,,,,,,,,,,,,,,,,,,,,,,,,,,,,2,,,,,,,,,,,,,,,,,,,,,,2,,,1,,,,1,6,,,,,,,,,,,,,,,,,,,,,,,,,,,,,,,,,,,,,,,,,,,,,
2025-09-16,va-banner,,3,,,,,,,,,,1,,,,,,,,,,,,,,,,,,,,,,,1,,,,,,,,,,,,,,,,,,,,,,1,1,,,,,,,,,,,,,,,,,,,14,,,,,,,,1,,,,,,,,,,,,,,3,,,,,,1,,,,,,,1,,,,,,,1,,,
2025-09-16,va-on-this-page,2,16,,,,,,,,,,,,,,,,,,,,,,,,,,1,,,,,,1,,,,,,,,,,,,,,,,,,,,,,,,,,,,,,1,,,,,,,,6,,,2,,31,,,,,,,,,,,,,,,,,,1,,,,1,,,,,,,,,,,,,,1,,,,1,,,,,
2025-09-16,va-accordion,13,15,,,1,,,1,,1,,,,,,,1,,,,,6,2,,,1,1,2,1,,,1,3,,2,1,,,,,1,1,1,,2,,,,,,,,1,,,,,7,4,,,3,,2,,,,1,1,,,4,,1,,,86,1,,,2,,,,,,,,,,,1,2,,,,,1,6,,,,,,,,,,,,,,,,1,,3,,1,,,
2025-09-16,va-link-action,,21,,1,,,5,6,,,,10,,,,,,6,,,,,,,3,,,,5,,,,,,1,,,,1,,3,,,,,,1,,,,,,,,,,2,1,,5,,2,2,,2,,,,2,,,14,,,,,119,1,,,,3,,,1,,,1,,,,,3,,4,,,6,3,,,,1,,,,,2,,,,,,,,,,,,,,,1
2025-09-16,va-checkbox,11,,,,,,,,2,,,,,,,,,5,,,3,,,,,,,,,,,,,,,,,,,,,,,,1,,2,,,,,,,,,1,,5,,,,,,,,,,,,1,1,3,,1,1,,26,,,,,,,,,,,,,,,,,,,,,,,,,,,,,,,,,,,,,,,,,,,,,,
2025-09-16,va-textarea,1,,,,,,1,,,,,,,,,,,,,,,,,,,,,,,,,,2,,,,,,,,,,,,,,,,,,,,,,,,,,,,,,,,,,,,,1,,1,,1,,,6,,,,,,,,,,,,,,,,,,,,,,,,,,,,,,,,,,,,,,,,,,,,,,
2025-09-16,va-radio-option,11,2,,,,,,1,1,,,,,,,,,6,,,3,4,5,,,,,,,,,3,,,2,,,,,,,,,,,1,18,,2,,,,,,,,,5,,,2,,,,,,,,4,3,,8,4,3,2,,92,,,,,,,,,,,,,,,,,,,,,,,,,2,,,,,,,5,,,,,6,,,,,,,,,
2025-09-16,va-need-help,,,,,,1,,3,,,,,,,,,,,,,,,,,,,,,,,,,1,,,,,,,,,,,1,,,1,,,1,1,,1,,,,1,,,,1,,,1,,,,,2,,,8,,,,,30,1,,,,,,,,,,,,,,,1,,1,,,1,,,,,,,,,,,,,,,1,,1,,,,1,,,,
2025-09-16,va-summary-box,10,2,,1,,,,,,,,,,,,,,,,,,,2,,,3,,1,,,,5,,,,,,,,,,,,1,,,1,1,,,1,,,2,1,,,2,,,1,1,1,,,,1,,,,,2,,,2,,37,,,,,,,,,,,,,,,,,,,,2,,,,,,,,,,1,,,,,,1,,1,,,,1,,,,
2025-09-16,va-segmented-progress-bar,1,,,,,,,,,,,,,,,,,,,,,,,,,,,,,,,,,,3,,,,,,,,,,,,,,1,,,,,,,,,,,,,,,,,,,,,,,1,,,1,,7,,,,,,,,,,,,,,,,,,,,,,,,,,,,,,,,,,,,,,1,,,,,,,,
2025-09-16,va-breadcrumbs,,2,,,1,1,,,,,,1,,,,,,,,,,,,,,,,,,,,,,,,,,,,,,,,,,1,,,,,,,,,,,,,,,1,1,,,,,,,1,,,,,,,,13,,,,,,1,,,,1,,,,,,,,,,,,,,,,1,,,,,,,,,,,,,,,,,,,,,1
2025-09-16,va-back-to-top,,23,,,,3,,,,,,,,,,,,,,,,,,,,,,1,,1,,,1,1,1,,,,,,,,,,,,,,1,,,,,,,,,,,,,,,,,,,,1,,,,,,,,34,,,,,,,,,,,,,,,,,,1,,,,,,,,,,,,,,,,,,,,,,,,,,,,,
2025-09-16,va-alert-expandable,2,2,,,,,2,,,,,1,,,,,,,,,,,,,,1,,,,,,,2,,1,,,,,,,,,1,,,,,1,,,,,,,,,1,,,,,,,1,,,,,,,2,,,,,20,,,,,,,,,,,,,,,,4,,,,,,,,,,,,,,,1,,,,,,,,,,,,,,,,
2025-09-16,va-table-row,,2,,,,,,,,,,,,,,,,,,,,,,,,,,,,,,,,,,,,,,,,,,,11,,6,,,,,,7,,,,,4,,,,,,,,,,,,,,11,,,,,55,,,,,,,,,,,,,,,,,,,,,,,,,,,,,,,8,,,,,,,2,2,,,,,,,,,2
2025-09-16,va-table,4,1,,,,,,,,,,,,,,,,,,,,,,,,,,,,,,,,,,,,,,,,,,,5,,1,,,,,,2,,,,,1,,,,,,,,,,,,,,4,,,,,19,,,,,,,,,,,,,,,,,,,,,,,,,,,,,,,2,,,,,,,1,1,,,,,,,,,1
2025-09-16,va-modal,,,,,,,,,,,,,,,,,,,,,,,,,,,,,,,,,,,,,,,,,,,,,,,,,,1,,,,,,,,,,,,,,,,,,,,,,,,,,,1,,,,,,,,,,,,,,,,,,,,,,,,,,,,,,,,,,,,,,,,,,,,,,,,
2025-09-16,va-checkbox-group,,,,,,,,,,,,,,,,,,,,,,,,,,,,,,,,,1,,1,,,,,,,,,,,,,,,,,,,,,,,,,,,,,,,,,,,,,,,,,,2,,,,,,,,,,,,,,,,,,,,,,,,,,,,,,,,,,,,,,,,,,,,,,,,
2025-09-16,va-maintenance-banner,,,,,,,,,,,,,,,,,,,,,,,,,,,,,,,,,,,,,,,,,,,,,,,,,,,,,,,,,,,,,,,,,,,,,,,,1,,,,,2,,,,,,,,,,,,,,,,,,,,,,,,,,,,,,,,,,,1,,,,,,,,,,,,,
2025-09-16,va-list-item,,,,,,,,,,1,,,,,,,,,,,,,,,,,,,,,,,,,,,,,,,,,,,,,,,,,,,,,,,,,,,,,,,,,,,,,,,,,,,1,,,,,,,,,,,,,,,,,,,,,,,,,,,,,,,,,,,,,,,,,,,,,,,,
2025-09-16,va-select,,,,,,,,,,1,,,,,,,,,,,,,,,,,,,,,,,,,,,,,,,,,,,,,,,,,,,,,,,,,,,,,,,,,,,,,,,,,,,1,,,,,,,,,,,,,,,,,,,,,,,,,,,,,,,,,,,,,,,,,,,,,,,,
2025-09-16,va-memorable-date,,,,,,,,,,1,,,,,,,,,,,,,,,,,,,,,,,,,,,,,,,,,,,,,,,,,,,,,,,,,,,,,,,,,,,,,,,,,,,3,,,2,,,,,,,,,,,,,,,,,,,,,,,,,,,,,,,,,,,,,,,,,,,,,
2025-09-16,VaModal,35,,,,,1,5,,2,,2,2,,1,,,,,,,3,,2,,,6,2,,,,,1,12,1,1,,,,,,,,,,65,,1,4,,1,1,,1,,,,,6,1,,,1,,1,,,,,1,2,,20,,3,1,7,162,,,,2,,,,,,,,,1,,1,,,,,,,,,,,,,,,,1,,,,,,,,,,,,,,,,,
2025-09-16,VaButton,16,,,,,,3,,,,,1,,,,,,1,,,,2,,,,3,,,,,,1,1,5,,3,,1,,,,,,,23,,4,,,,,,,,,,,1,,,,,,2,,,,,4,,,15,,,,12,92,1,,,,1,1,,,,,,,,,,,,,,,,,,,,1,,,,,2,,,,,,,3,,,,,,,,,1,
2025-09-16,VaPrivacyAgreement,4,,,,,,,,,,1,,,,,,,,,,,1,,,,,,,,,,,,,,,,,,,,1,,,,,1,,,,,,,,,,1,,,,,,,,,,,,,,,3,,,2,2,13,1,,,,,,,,,,,,,,,,,,,,,,,,,,,,,,,,,,,,,,,,,,,,,,,
2025-09-16,VaFileInput,4,,,,,,,,,,,,,,,,,,,,,,,,,,,,,,,,,,,,,,,,,,,,,,1,,,,,,,,,,,,,,,,,,,,,,2,,,1,,,,1,7,,,,,,,,,1,,,,,,,,,,,,,,,,,,,,,,,,,,,,,,,,,,,,,,1,
2025-09-16,VaSelect,8,,,,,,3,2,,,,2,2,,,,,,,,2,,,,,,,,,,,,6,1,1,,,,,,,,,,4,,1,,,,,,,,,,1,1,,,,,,1,,,,,7,2,,3,,2,,1,47,,,,,,,,1,1,,,,1,,,1,,,,,,1,,,,,,,,,,,,,,,,,,,,,,,,,,
2025-09-16,VaButtonPair,3,,,,,,,4,,,,,,,,,,,,,,,,,,,,,2,,,,,,2,,,,,,4,,,,,,,,,,,,,,,,,,,,,,,,,,,,1,1,,4,,1,,1,25,,,,,,,,,,,,,,,,4,,,,,1,,,,,,,,,,,,,,,,,,,,,,,,,,,
2025-09-16,VaRadio,10,,,,,,,1,1,,,,,,,,,2,,,1,2,4,,,,,,2,,,1,8,2,1,,,,,,,,,,2,1,10,,1,,,,,,,,,6,,,1,,,,2,,,,7,4,2,8,4,4,1,2,106,,,,,2,,,,,,,,,2,,2,,,,,2,6,,,1,,,,,,,5,,,,,6,,,,,,,,,,,
2025-09-16,VaRadioOption,6,,,,,,,,,,,,,,,,,,,,,,,,,,,,1,,,,5,1,,,,,,,,,,,1,,2,,,,,,,,,,,2,,,,,,,1,,,,2,1,1,1,1,1,,1,29,,,,,1,,,,,,,,,1,,1,,,,,1,4,,,,,,,,,,,,,,,,,,,,,,,,,,
2025-09-16,VaAlert,43,,3,,,3,2,,,,,,,,,,,,,,,1,,,,15,2,,,,,,7,3,4,,,1,,,,,,,1,,,,,,,,,,2,,,6,,1,,,,1,,,,,10,1,,14,,1,,2,110,,,,,5,1,,,,2,2,2,,,,,,,,,,2,,,,5,5,,,,,,,,,,,1,,,,,,,,,5,
2025-09-16,VaLink,,,,,,1,3,,,,,,,,,,,,,,,,,,,,,,,,,,,,,,,,1,2,,2,,,4,,,,,,,,,,,,,1,,,1,,,,,,,,1,,,8,,,,4,44,,,,,,,,,,,2,2,,1,2,,,,,,,,,,,3,2,,,,,,,,,,,1,,,,,,,,1,2,
2025-09-16,VaCheckbox,13,,2,,,1,,3,,,,,,,,,,,,,,4,,,,2,,,2,,,,3,3,12,,,,,,,,3,,8,,5,1,,4,,,1,,,,,1,,,,,,2,1,1,,,,4,,5,,4,,3,80,,,,,,,,,,,,,,1,,,,,,,,1,,,,,,,,,,,,,,,,3,,,,,,,,,,
2025-09-16,VaSearchInput,1,,,,,,,,,,,2,,,,,,,,,,,,,,,,,,,,,,,,,,,,,,,,,,,,,,,,,,,,,,,,,,,,,,,,,1,,,,,,,2,7,,,,,,,,,,,,,,,,,,,,,,,,,1,,,,,,,,,,1,,,,,,,,,,,,,
2025-09-16,VaBreadcrumbs,26,,1,,,,1,1,1,1,1,,,,,,,,,,1,1,1,,,1,,,1,,,1,1,1,1,,,,1,,1,,1,,2,,,,1,1,1,1,1,,,,1,1,,,,,,1,,,,,,,,12,,,1,,66,1,,,,,,,,,,1,1,1,,1,1,,,,2,1,6,1,,,,3,1,,,2,,,,1,,,,,1,,1,,,,,,
2025-09-16,VaLoadingIndicator,,,,,,,,,,,,,,,,,,,,,1,,,,,2,,,,,,,,,,,,,,,,,,,11,,1,,,,,,,,,,,,,,,,,,,,,,,,,1,,,,,34,,,,,,,,,,,,,1,2,,,,,,,,6,2,,,2,,,,,2,,,,,,,2,,,,,,,,1,,
2025-09-16,VaPagination,3,,1,,,1,,1,,,,2,,,,,,,,,1,,,,,,,,,,,,2,2,4,,,,,,,,,,8,,,,1,,,,,,,,1,,,,,,,4,,,,,3,,,,,,,,37,,,,,,,,,,,,,1,1,,,,,,,,1,,,1,,,,,,,,,,1,,,,1,,,,,,,,,
2025-09-16,VaAdditionalInfo,3,,,,,,,,,,,,,,,,,,,,,,,,,,,,,,,,5,,,,,,,,,,,,1,,,,,,,,,1,,,,10,,,,,,,,,,,,1,,,,1,,,21,,,,,,,,,,,,,,,,,,,,,,2,,,,,,,,,,,,,,,,,,,,,,,,,,
2025-09-16,VaTextInput,11,,,,,,,,,,,1,,,,,,,,,,,,,,,,,,,,,2,,,,,,,,3,,,,6,,27,,,,,,1,,,,,1,,,,,,,,,,,,7,1,12,,7,1,,74,1,,1,,,,,,,,,,,,,1,,,,,,2,,,,,,,,,,,,,,,,,,,,,,,,,,
2025-09-16,VaDate,,,,,,,,,,,,3,,,,,,,,,,,,,,,,,,,,,2,,3,,,,,,,,,,,,8,,,,,,,,,,,1,,,,,,,,,,,,1,,2,,1,,,22,,,,,,,,,,,,,,,,,,,,,,1,,,,,,,,,,,,,,,,,,,,,,,,,,
2025-09-16,VaCheckboxGroup,13,,,,,,,1,2,,,,,,,,,2,,,1,1,,,,,,,1,,,,,1,,,,,,,,,,,3,,2,,,,,,,,,1,,5,,,,,,,,,,,,1,1,3,,1,1,,28,,,,,,,,,,,,,,,,,,,,,,,,,,,,,,,,,,,,,,1,,,,,,,,,,
2025-09-16,VaMemorableDate,3,,,,,,,,,,,,,,,,,,,,,,,,,,,,,,,,,,,,,,,,,,,,,,,,,,,,,,,,,,,,,,,,,,,,,2,,3,,2,,,7,,,,,,,,,,,,,,,,,,,,,,,,,,,,,,,,,,,,,,,,,,,,,,,,
2025-09-16,VaLinkAction,,,,,,,,,,,,1,,,,,,,,,,1,,,,1,,,,,,,,,,,,,1,1,,,,,2,,,,,,,,,,,,,,,,,,,,,,,,,,,2,,,,,15,,,,,,,,,,,1,1,,,,,,,,,,,,,,1,,,,,3,,,,,,,,,,,,,,,,,
2025-09-16,VaAlertSignIn,,,,,,,,,,,,10,,,,,,,,,,,,,,,,,,,,,,,,,,,,,,,,,,,,,,,,,,,,,,,,,,,,,,,,,4,,,2,,,,,16,,,,,,,,,,,,,,,,,,,,,,,,,,,,,,,,,,,,,,,,,,,,,,,,
2025-09-16,VaIcon,,,,,,,,,,,,,,,,,,,,,,,,,,,,,,,,,,,,,,,,,,,,,,,,,,,,,,,,,,,,,,,,,,,,,2,,,,,,,,4,,,,,,,,,,,,,1,,,,,,,,,,,,,1,,,,,,,,,,,,,,,,,,,,,,
2025-09-16,VaTextarea,,,,,,,,,,,,,,,,,,,,,,,,,,,,,,,,,,,,,,,,,,,,,,,1,,,,,,,,,,,,,,,,,,,,,,1,,,1,,,,,3,,,,,,,,,,,,,,,,,,,,,,,,,,,,,,,,,,,,,,,,,,,,,,,,
2025-09-16,VaTelephone,,,,,,,23,,,,,,,,,,,,,,,,,,,4,,,,,,,8,,,,,,,1,,,,,,,1,,,,,,,,,,,,,,,,,,,,,,2,,,1,,,,,51,,,,,2,,,,,,1,2,,,,,,,,,,,,,,2,2,,,,,,,,,,,,,,,,,,,,2,
2025-09-16,VaAccordion,7,,,,,,,,,,,,,,,,,,,,,,,,,,,,,,,,2,3,,,,,,,,,,,8,,,,,,,,,,,,,,,,,,,,,,,,7,,,3,,,,,23,,,,,,,,,,,,,,,,,,,,,,,,,,,,,,,,,,,,,,,,,,,,,,,,
2025-09-16,VaAccordionItem,3,,,,,,,,,,,,,,,,,,,,,,,,,,,,,,,,1,1,,,,,,,,,,,4,,,,,,,,,,,,,,,,,,,,,,,,6,,,1,,,,,13,,,,,,,,,,,,,,,,,,,,,,,,,,,,,,,,,,,,,,,,,,,,,,,,
2025-09-16,VaFileInputMultiple,,,,,,,,,,,,,,,,,,,,,,,,,,,,,,,,,,,,,,,,,,,,,,,,,,,,,,,,,,,,,,,,1,,,,,,,,2,,,,,3,,,,,,,,,,,,,,,,,,,,,,,,,,,,,,,,,,,,,,,,,,,,,,,,
2025-09-16,VaStatementOfTruth,,,,,,,,,,,,,,,,,,,,,,,,,,,,,,,,,,,,,,,,,,1,,,,,,,,,,,,,,,,,,,,,,,,,,,,,,1,,,,,3,1,,,,,,,,,,,,,,,,,,,,,,,,,,,,,,,,,,,,,,,,,,,,,,,
2025-09-16,VaCard,,,,,,,,,,,,,,,,,,,,,,,,,,,,,,,,,,,,,,,,,,,,,1,,,,,,,,,,,,,,,,,,,,,,,,,,,,,,,,3,,,,,,1,,,,,,,,,,,,,,,,,,,,1,,,,,,,,,,,,,,,,,,,,,,
2025-09-16,VaProgressBar,,,,,,,,,,,,,,,,,,,,,,,,,,,,,,,,,,,,,,,,,,,,,,,,,,,,,,,,,,,,,,,,,,,,,,,,1,,,,,1,,,,,,,,,,,,,,,,,,,,,,,,,,,,,,,,,,,,,,,,,,,,,,,,
2025-09-16,VaComboBox,,,,,,,,,,,,,,,,,,,,,,,,,,,,,,,,,1,,,,,,,,,,,,,,,,,,,,,,,,,,,,,,,,,,,,,,,,,,,,1,,,,,,,,,,,,,,,,,,,,,,,,,,,,,,,,,,,,,,,,,,,,,,,,
2025-09-16,VaSummaryBox,,,,,,,,,,,,,,,,,,,,,,,,,,,,,,,,,,,,,,,,,,,,,,,,,,,,,,,,,,,,,,,,,,,,,,,,,,,,,1,,,,,,1,,,,,,,,,,,,,,,,,,,,,,,,,,,,,,,,,,,,,,,,,,
2025-09-16,VaNotification,,,,,,,,,,,,,,,,,,,,,,,,,,,1,,,,,,,,,,,,,,,,,,,,,,,,,,,,,,,,,,,,,,,,,,,,,2,,,,,3,,,,,,,,,,,,,,,,,,,,,,,,,,,,,,,,,,,,,,,,,,,,,,,,
2025-09-16,VaButtonSegmented,,,,,,,,,,,,,,,,,,,,,,,,,,,1,,,,,,,,,,,,,,,,,,,,,,,,,,,,,,,,,,,,,,,,,,,,,,,,,,1,,,,,,,,,,,,,,,,,,,,,,,,,,,,,,,,,,,,,,,,,,,,,,,,
2025-09-16,VaAlertExpandable,,,,,,,,,,,,,,,,,,,,,,,,,,1,,,,,,,,,,,,,,,,,,,,,,,,,,,,,,,,,,,,,,,,,,,,,,,,,,,1,,,,,,,,,,,,,,,,,,,,,,,,,,,,,,,,,,,,,,,,,,,,,,,,
2025-09-16,VaNeedHelp,,,,,,,,,,,,,,,,,,,,,,,,,,,,,,,,,,,,,,,,,,,,,,,,,,,,,,,,,,,,,,,,,,,,,,,,,,,,,1,,,,,1,,,,,,,,,,,,,,,,,,,,,,,,,,,,,,,,,,,,,,,,,,,
2025-09-16,VaProcessList,,,,,,,,,,,,,,,,,,,,,,,,,,,,,,,,,,,,,,,,,,,,,,,,,,,,,,,,,,,,,,,,,,,,,,,,3,,,,,19,,,,,,,,,,,,,,,8,,,,,,,,,,,4,,,,,,,,,,,,,,,,,,,,,4,
2025-09-16,VaProcessListItem,,,,,,,,,,,,,,,,,,,,,,,,,,,,,,,,,,,,,,,,,,,,,,,,,,,,,,,,,,,,,,,,,,,,,,,,2,,,,,14,,,,,,,,,,,,,,,6,,,,,,,,,,,3,,,,,,,,,,,,,,,,,,,,,3,
2025-09-16,VaBackToTop,,,,,,,,2,,,,,,,,,,,,,,,,,,,,,,,,,,,,,,,,,,,,,,,,,,,,,,,,,,,,,,,,,,,,,,,,,,,,,2,,,,,,,,,,,,,,,,,,,,,,,,,,,,,,,,,,,,,,,,,,,,,,,,
2025-09-16,VaTelephoneInput,,,,,,,,,,,,,,,,,,,,,,,,,,,,,,,,,,,,,,,,,,,,,,,,,,,,,,,,,,,,,,,,,,,,,,,,1,,,,,1,,,,,,,,,,,,,,,,,,,,,,,,,,,,,,,,,,,,,,,,,,,,,,,,
2025-09-16,VaSearchFilter,,,,,,,,,,,,,,,,,,,,,,,,,,,,,,,,,,,,,,,,,,,,,,,,,,,,,,,,,1,,,,,,,,,,,,,,,,,,,,1,,,,,,,,,,,,,,,,,,,,,,,,,,,,,,,,,,,,,,,,,,,,,,,,
2025-09-16,VaSidenav,,,,,,,,,,,,,,,,,,,,,,,,,,4,,,,,,,,,,,,,,,,,,,,,,,,,,,,,,,,,,,,,,,,,,,,,,,,,,,4,,,,,,,,,,,,,,,,,,,,,,,,,,,,,,,,,,,,,,,,,,,,,,,,
2025-09-16,VaSidenavItem,,,,,,,,,,,,,,,,,,,,,,,,,,2,,,,,,,,,,,,,,,,,,,,,,,,,,,,,,,,,,,,,,,,,,,,,,,,,,,2,,,,,,,,,,,,,,,,,,,,,,,,,,,,,,,,,,,,,,,,,,,,,,,,
2025-09-16,VaSidenavSubmenu,,,,,,,,,,,,,,,,,,,,,,,,,,1,,,,,,,,,,,,,,,,,,,,,,,,,,,,,,,,,,,,,,,,,,,,,,,,,,,1,,,,,,,,,,,,,,,,,,,,,,,,,,,,,,,,,,,,,,,,,,,,,,,,
2025-09-16,va-promo-banner,,1,,,,,,,,,,,,,,,,,,,,,,,,,,,,,,,,,,,,,,,,,,,,,,,,,,,,,,,,,,,,,,,,,,,,,,,,,,,1,,,,,,,,,,,,,,,,,,,,,,,,,,,,,,,,,,,,,,,,,,,,,,,,
2025-09-16,va-header-minimal,,1,,,,,,,,,,,,,,,,,,,,,,,,,,,,,,,,,,,,,,,,,,,,,,,,,,,,,,,,,,,,,,,,,,,,,,,,,,,1,,,,,,,,,,,,,,,,,,,,,,,,,,,,,,,,,,,,,,,,,,,,,,,,
2025-09-16,va-radio,,1,,,,,,,,,,,,,,,,,,,,,,,,,,,,,,,,,,,,,,,,,,,,,,,,,,,,,,,,,,,,,,,,,,,,,,,,,,,1,,,,,,,,,,,,,,,,,,,,,,,,,,,,,,,,,,,,,,,,,,,,,,,,
2025-09-16,va-pagination,,1,,,,,,,,,,,,,,,,,,,,,,,,,,,,,,,,,,,,,,,,,,,,,,,,,,,,,,,,,,,,,,,,,,,,,,,,,,,1,,,,,,,,,,,,,,,,,,,,,,,,,,,,,,,,,,,,,,,,,,,,,,,,